etag,kind,videoId,publishedAt,channelId,title,description,default_url,default_width,default_height,medium_url,medium_width,medium_height,high_url,high_width,high_height,channelTitle,liveBroadcastContent,publishTime,viewCount,likeCount
sQ5NDeYAHpbNJOKc7krGKs9IP3k,youtube#video,PoGnLtH1UHY,2025-04-01T17:26:59Z,UCg7Fdhrmwi8ZqakqiO3xPkg,Trio at Cal Poly Humboldt,"""We're here to support people, meet you where you're at, and help you flourish!"" - Tania Marin The goal of Educational Talent ...",https://i.ytimg.com/vi/PoGnLtH1UHY/default.jpg,120,90,https://i.ytimg.com/vi/PoGnLtH1UHY/mqdefault.jpg,320,180,https://i.ytimg.com/vi/PoGnLtH1UHY/hqdefault.jpg,480,360,HumboldtOnline,none,2025-04-01T17:26:59Z,27,2
8frtqOI_0dcOCINsANaOhri0fTk,youtube#video,u-PfB0FTmxI,2025-02-01T00:32:55Z,UCg7Fdhrmwi8ZqakqiO3xPkg,SOUNDCHECK: &quot;Yes or No&quot; - Cal Poly Humboldt Music Students play Wayne Shorter,"Yes or No” by Wayne Shorter, performed at soundcheck by Djäz Ünlöded prior to the Jazz Combo Recital in December 2024.",https://i.ytimg.com/vi/u-PfB0FTmxI/default.jpg,120,90,https://i.ytimg.com/vi/u-PfB0FTmxI/mqdefault.jpg,320,180,https://i.ytimg.com/vi/u-PfB0FTmxI/hqdefault.jpg,480,360,HumboldtOnline,none,2025-02-01T00:32:55Z,164,20
_uQQJvfoAz7qZJYaOYyp0YEpkpU,youtube#video,90yFl295N9M,2024-12-21T04:43:58Z,UCg7Fdhrmwi8ZqakqiO3xPkg,Fall Commencement 2024,Congratulations to the Cal Poly Humboldt graduates of Fall 2024!,https://i.ytimg.com/vi/90yFl295N9M/default.jpg,120,90,https://i.ytimg.com/vi/90yFl295N9M/mqdefault.jpg,320,180,https://i.ytimg.com/vi/90yFl295N9M/hqdefault.jpg,480,360,HumboldtOnline,none,2024-12-21T04:43:58Z,90,4
FuC2K8Hl9XO9hcVRF0AAVqn_8fM,youtube#video,FTrKunStGOg,2024-12-11T20:29:04Z,UCg7Fdhrmwi8ZqakqiO3xPkg,Happy Holidays From Cal Poly Humboldt,"As we look ahead to the new year, students get into the holiday spirit by sharing their warmest, fuzziest thoughts with warm and ...",https://i.ytimg.com/vi/FTrKunStGOg/default.jpg,120,90,https://i.ytimg.com/vi/FTrKunStGOg/mqdefault.jpg,320,180,https://i.ytimg.com/vi/FTrKunStGOg/hqdefault.jpg,480,360,HumboldtOnline,none,2024-12-11T20:29:04Z,2211,79
dz5BcVshPQtrCKBA_YUAcnfoqXU,youtube#video,Wkbj2V8CQTw,2024-10-17T23:08:59Z,UCg7Fdhrmwi8ZqakqiO3xPkg,Groundbreaking: Engineering &amp; Technology Building,"Ushering in a new era for Northern California's first polytechnic university, today saw the official groundbreaking for Cal Poly ...",https://i.ytimg.com/vi/Wkbj2V8CQTw/default.jpg,120,90,https://i.ytimg.com/vi/Wkbj2V8CQTw/mqdefault.jpg,320,180,https://i.ytimg.com/vi/Wkbj2V8CQTw/hqdefault.jpg,480,360,HumboldtOnline,none,2024-10-17T23:08:59Z,355,5
npK2lrvy2F0orT8o34e38Yws2Lg,youtube#video,KChBHjfbIEg,2024-08-20T23:33:52Z,UCg7Fdhrmwi8ZqakqiO3xPkg,Move-in Day 2024!,"Emotion, excitement, and a lot of moving boxes: we love to see it! Welcome to 1100 new Lumberjacks!",https://i.ytimg.com/vi/KChBHjfbIEg/default.jpg,120,90,https://i.ytimg.com/vi/KChBHjfbIEg/mqdefault.jpg,320,180,https://i.ytimg.com/vi/KChBHjfbIEg/hqdefault.jpg,480,360,HumboldtOnline,none,2024-08-20T23:33:52Z,966,9
9e5N6empJXLYOyyf06XXdFCYbr0,youtube#video,3zMDLOCQLAw,2024-07-20T17:00:05Z,UCg7Fdhrmwi8ZqakqiO3xPkg,Future Roots Episode 1: Colton Dixon &amp; urban streams,,https://i.ytimg.com/vi/3zMDLOCQLAw/default.jpg,120,90,https://i.ytimg.com/vi/3zMDLOCQLAw/mqdefault.jpg,320,180,https://i.ytimg.com/vi/3zMDLOCQLAw/hqdefault.jpg,480,360,HumboldtOnline,none,2024-07-20T17:00:05Z,124,6
wNqjlr6H3DTVGZ4rqAapQdOQLT0,youtube#video,0D79QvI5c34,2024-06-24T19:55:59Z,UCg7Fdhrmwi8ZqakqiO3xPkg,Take a hike! #CalPolyHumboldt #Redwoods #HikeWithAGeekDay,Happy #HikeWithAGeekDay! We hope you had the chance to get outside with your favorite hiking buddies/fellow nerds! What's ...,https://i.ytimg.com/vi/0D79QvI5c34/default.jpg,120,90,https://i.ytimg.com/vi/0D79QvI5c34/mqdefault.jpg,320,180,https://i.ytimg.com/vi/0D79QvI5c34/hqdefault.jpg,480,360,HumboldtOnline,none,2024-06-24T19:55:59Z,187,10
VUvjc2rZLEsDOV_TWl-gj-uNY3s,youtube#video,FBPPTlCyl_I,2024-05-17T20:35:16Z,UCg7Fdhrmwi8ZqakqiO3xPkg,Living on Campus at Cal Poly Humboldt,"Where should you live on campus at Cal Poly Humboldt? At Cal Poly Humboldt, there are plenty of on-campus housing options for ...",https://i.ytimg.com/vi/FBPPTlCyl_I/default.jpg,120,90,https://i.ytimg.com/vi/FBPPTlCyl_I/mqdefault.jpg,320,180,https://i.ytimg.com/vi/FBPPTlCyl_I/hqdefault.jpg,480,360,HumboldtOnline,none,2024-05-17T20:35:16Z,7030,71
Hu8xzW82I6OM_j1hgWwCrHSrFps,youtube#video,BXHHOFPAypI,2024-03-26T19:39:36Z,UCg7Fdhrmwi8ZqakqiO3xPkg,Humboldt Logging Sports 2024,,https://i.ytimg.com/vi/BXHHOFPAypI/default.jpg,120,90,https://i.ytimg.com/vi/BXHHOFPAypI/mqdefault.jpg,320,180,https://i.ytimg.com/vi/BXHHOFPAypI/hqdefault.jpg,480,360,HumboldtOnline,none,2024-03-26T19:39:36Z,757,17
Dkyi0Ci4Q8L7pLAEpdbrCaJ-8BM,youtube#video,GpOplrOC7X0,2024-02-23T19:10:27Z,UCg7Fdhrmwi8ZqakqiO3xPkg,Move Into Your Future,"Shape your future at Humboldt! We are a small, hands-on program dedicated to serving our students. We offer a variety of ...",https://i.ytimg.com/vi/GpOplrOC7X0/default.jpg,120,90,https://i.ytimg.com/vi/GpOplrOC7X0/mqdefault.jpg,320,180,https://i.ytimg.com/vi/GpOplrOC7X0/hqdefault.jpg,480,360,HumboldtOnline,none,2024-02-23T19:10:27Z,476,7
rKcCuLIJW16bm59ns_mTrP7S7hA,youtube#video,ftG6_2mJ1sY,2024-02-02T22:55:16Z,UCg7Fdhrmwi8ZqakqiO3xPkg,Software Engineering at Cal Poly Humboldt,"How can software be used for good? From self-driving cars to climate monitoring systems, the growing role of artificial ...",https://i.ytimg.com/vi/ftG6_2mJ1sY/default.jpg,120,90,https://i.ytimg.com/vi/ftG6_2mJ1sY/mqdefault.jpg,320,180,https://i.ytimg.com/vi/ftG6_2mJ1sY/hqdefault.jpg,480,360,HumboldtOnline,none,2024-02-02T22:55:16Z,432,3
VRnI-63mbQHMqCIMOg5cd8WxvjA,youtube#video,kUW6duHD2e8,2024-01-20T01:15:39Z,UCg7Fdhrmwi8ZqakqiO3xPkg,When Programmers need Botanists,"Color theory, botany, and software merge to create Cal Poly Humboldt's 3D Digital Herbarium. Cal Poly Humboldt is launching its ...",https://i.ytimg.com/vi/kUW6duHD2e8/default.jpg,120,90,https://i.ytimg.com/vi/kUW6duHD2e8/mqdefault.jpg,320,180,https://i.ytimg.com/vi/kUW6duHD2e8/hqdefault.jpg,480,360,HumboldtOnline,none,2024-01-20T01:15:39Z,681,15
CUUYjiwuz2Eg8NUL3xka72xLL0I,youtube#video,fw9QWVUvpa8,2024-01-02T16:49:58Z,UCg7Fdhrmwi8ZqakqiO3xPkg,Happy New Year from Cal Poly Humboldt,"This new year, may your journey be filled with wonder and exploration, the joy of beauty, and the embrace of family and friends.",https://i.ytimg.com/vi/fw9QWVUvpa8/default.jpg,120,90,https://i.ytimg.com/vi/fw9QWVUvpa8/mqdefault.jpg,320,180,https://i.ytimg.com/vi/fw9QWVUvpa8/hqdefault.jpg,480,360,HumboldtOnline,none,2024-01-02T16:49:58Z,1748,38
IAOYSI6k-xeJlrEzSe_3AqSYHnA,youtube#video,W60D6UMHC9U,2023-11-09T19:56:08Z,UCg7Fdhrmwi8ZqakqiO3xPkg,New Major: Humboldt Geospatial Science &amp; Technology,"Geospatial Science & Technology is an interdisciplinary program between Geography, Environment & Spatial Analysis; Forestry, ...",https://i.ytimg.com/vi/W60D6UMHC9U/default.jpg,120,90,https://i.ytimg.com/vi/W60D6UMHC9U/mqdefault.jpg,320,180,https://i.ytimg.com/vi/W60D6UMHC9U/hqdefault.jpg,480,360,HumboldtOnline,none,2023-11-09T19:56:08Z,184,2
gNBkinn4ZSlnlXFxlC8FxFPd82k,youtube#video,OqtqWymLE7o,2023-11-09T19:12:13Z,UCg7Fdhrmwi8ZqakqiO3xPkg,Soccer Sendoff!,They're on their way! Join us in wishing Humboldt Women's Soccer good luck at ccaad semifinals! GO JACKS! Details: ...,https://i.ytimg.com/vi/OqtqWymLE7o/default.jpg,120,90,https://i.ytimg.com/vi/OqtqWymLE7o/mqdefault.jpg,320,180,https://i.ytimg.com/vi/OqtqWymLE7o/hqdefault.jpg,480,360,HumboldtOnline,none,2023-11-09T19:12:13Z,152,3
lNsVFjVabWx0YI3RnjFH0aEpogY,youtube#video,pbuA-eb-krQ,2023-11-09T18:08:42Z,UCg7Fdhrmwi8ZqakqiO3xPkg,Major in Cannabis Studies,Located in the epicenter of domestic cannabis cultivation. Grounded in the liberal arts. Dedicated to a stigma-free approach.,https://i.ytimg.com/vi/pbuA-eb-krQ/default.jpg,120,90,https://i.ytimg.com/vi/pbuA-eb-krQ/mqdefault.jpg,320,180,https://i.ytimg.com/vi/pbuA-eb-krQ/hqdefault.jpg,480,360,HumboldtOnline,none,2023-11-09T18:08:42Z,386,14
_yFl8adCLO1_VRzV5I_mJV3uKXs,youtube#video,Ld38owMHw6k,2023-10-30T18:24:10Z,UCg7Fdhrmwi8ZqakqiO3xPkg,Humboldt Triathlon,"Biking farm roads in the Arcata Bottoms, running trails in the Community Forest and swimming the frigid waters of Humboldt Bay ...",https://i.ytimg.com/vi/Ld38owMHw6k/default.jpg,120,90,https://i.ytimg.com/vi/Ld38owMHw6k/mqdefault.jpg,320,180,https://i.ytimg.com/vi/Ld38owMHw6k/hqdefault.jpg,480,360,HumboldtOnline,none,2023-10-30T18:24:10Z,520,12
gSlP56Fpjsp13r7v_36Toz1A70I,youtube#video,K82XKtAXA6Q,2023-10-09T18:58:59Z,UCg7Fdhrmwi8ZqakqiO3xPkg,New Major - Individualized Degree Plan,"As the landscape of careers constantly changes, so does the need for college degree programs. Adapting to that change is the ...",https://i.ytimg.com/vi/K82XKtAXA6Q/default.jpg,120,90,https://i.ytimg.com/vi/K82XKtAXA6Q/mqdefault.jpg,320,180,https://i.ytimg.com/vi/K82XKtAXA6Q/hqdefault.jpg,480,360,HumboldtOnline,none,2023-10-09T18:58:59Z,354,3
o0dJlivk7ubf9R7UtkfieKT9nX4,youtube#video,n8hKMYXMUNk,2023-09-25T16:32:59Z,UCg7Fdhrmwi8ZqakqiO3xPkg,Fire Science at Humboldt,"The news has been inescapable: wildfires in California and across the West have become larger, more severe, more destructive, ...",https://i.ytimg.com/vi/n8hKMYXMUNk/default.jpg,120,90,https://i.ytimg.com/vi/n8hKMYXMUNk/mqdefault.jpg,320,180,https://i.ytimg.com/vi/n8hKMYXMUNk/hqdefault.jpg,480,360,HumboldtOnline,none,2023-09-25T16:32:59Z,515,8
561fT8FWaa843RXCU1Bze15oDmw,youtube#video,AjD6QKN9fsM,2023-09-05T17:05:16Z,UCg7Fdhrmwi8ZqakqiO3xPkg,CAL FIRE + Cal Poly Humboldt,Cal Poly Humboldt and CAL FIRE have collaborated over the years to help the next generation of fire scientists and foresters.,https://i.ytimg.com/vi/AjD6QKN9fsM/default.jpg,120,90,https://i.ytimg.com/vi/AjD6QKN9fsM/mqdefault.jpg,320,180,https://i.ytimg.com/vi/AjD6QKN9fsM/hqdefault.jpg,480,360,HumboldtOnline,none,2023-09-05T17:05:16Z,594,12
sqI5Gi9L-lbUn9AacaG08hR7KZ8,youtube#video,RozpLq4L5i8,2023-08-22T22:31:55Z,UCg7Fdhrmwi8ZqakqiO3xPkg,Wildlife + Agriculture: Looking for a Win-Win,"In exchange for a comfortable home, these birds pay the rent—in rodents and insects. Amid the vineyards of Napa Valley, Wildlife ...",https://i.ytimg.com/vi/RozpLq4L5i8/default.jpg,120,90,https://i.ytimg.com/vi/RozpLq4L5i8/mqdefault.jpg,320,180,https://i.ytimg.com/vi/RozpLq4L5i8/hqdefault.jpg,480,360,HumboldtOnline,none,2023-08-22T22:31:55Z,340,10
qFBD_5_6sDOy0Zc8v6ztUeporyg,youtube#video,_V7S0NRr6nQ,2023-08-19T00:46:35Z,UCg7Fdhrmwi8ZqakqiO3xPkg,Move-In and Orientation Week!,"New students have been busy - and they're just getting started. From move-in day to meeting their Learning Communities, ...",https://i.ytimg.com/vi/_V7S0NRr6nQ/default.jpg,120,90,https://i.ytimg.com/vi/_V7S0NRr6nQ/mqdefault.jpg,320,180,https://i.ytimg.com/vi/_V7S0NRr6nQ/hqdefault.jpg,480,360,HumboldtOnline,none,2023-08-19T00:46:35Z,2709,8
CarIf_sWKZP-R34qn39pXnvHZs0,youtube#video,EFUd5aNVo58,2023-08-17T21:38:21Z,UCg7Fdhrmwi8ZqakqiO3xPkg,Protecting Culture from the Ground Up,"The Cultural Resources Facility (CRF) studies, preserves, and manages local cultural resources to ensure they survive for future ...",https://i.ytimg.com/vi/EFUd5aNVo58/default.jpg,120,90,https://i.ytimg.com/vi/EFUd5aNVo58/mqdefault.jpg,320,180,https://i.ytimg.com/vi/EFUd5aNVo58/hqdefault.jpg,480,360,HumboldtOnline,none,2023-08-17T21:38:21Z,63,1
AeBgAbCiv98ir_Mg-rb3Nbb9Mbs,youtube#video,1xhlzwUn9tE,2023-08-17T18:18:22Z,UCg7Fdhrmwi8ZqakqiO3xPkg,Future Found: Cal Poly Humboldt,Education from the ground up. A hands-on academic experience: that's the secret of our success at Cal Poly Humboldt.,https://i.ytimg.com/vi/1xhlzwUn9tE/default.jpg,120,90,https://i.ytimg.com/vi/1xhlzwUn9tE/mqdefault.jpg,320,180,https://i.ytimg.com/vi/1xhlzwUn9tE/hqdefault.jpg,480,360,HumboldtOnline,none,2023-08-17T18:18:22Z,7443,105
au75YG8Eawx7lSzZRHCAb07d1RU,youtube#video,b-ceo-H9dWg,2023-08-16T20:17:46Z,UCg7Fdhrmwi8ZqakqiO3xPkg,Training the next generation of stem cell scientists,Cal Poly Humboldt's CIRM Bridges Program is designed to produce biomedical scientists from diverse backgrounds committed to ...,https://i.ytimg.com/vi/b-ceo-H9dWg/default.jpg,120,90,https://i.ytimg.com/vi/b-ceo-H9dWg/mqdefault.jpg,320,180,https://i.ytimg.com/vi/b-ceo-H9dWg/hqdefault.jpg,480,360,HumboldtOnline,none,2023-08-16T20:17:46Z,78,3
Yu7DsB_dNENy1k1dKYqSVf11mpw,youtube#video,OAr-3isYAAA,2023-08-16T20:18:08Z,UCg7Fdhrmwi8ZqakqiO3xPkg,Healthcare Education Hub Press Conference,Senator Mike McGuire and collaborators from Cal Poly Humboldt and College of the Redwoods announce a new training center ...,https://i.ytimg.com/vi/OAr-3isYAAA/default.jpg,120,90,https://i.ytimg.com/vi/OAr-3isYAAA/mqdefault.jpg,320,180,https://i.ytimg.com/vi/OAr-3isYAAA/hqdefault.jpg,480,360,HumboldtOnline,none,2023-08-16T20:18:08Z,43,0
z39fFcxM7B4QPfLZSQRfXecUEgw,youtube#video,ubOcOAWTJxM,2023-08-16T20:18:00Z,UCg7Fdhrmwi8ZqakqiO3xPkg,Best Wishes for 2023!,"Here's to new dreams, new adventures, and new chances to shine. Best Wishes for 2023 from Cal Poly Humboldt!",https://i.ytimg.com/vi/ubOcOAWTJxM/default.jpg,120,90,https://i.ytimg.com/vi/ubOcOAWTJxM/mqdefault.jpg,320,180,https://i.ytimg.com/vi/ubOcOAWTJxM/hqdefault.jpg,480,360,HumboldtOnline,none,2023-08-16T20:18:00Z,2107,67
SvjAiqOw2lob5WgPlN6plqd0k8k,youtube#video,00oRFzD-A6c,2023-08-14T19:02:51Z,UCg7Fdhrmwi8ZqakqiO3xPkg,Learning In and From the Environment,"Join us on a journey through tomorrow's solutions. Start at California's first 100% renewable, multi-customer microgrid, developed ...",https://i.ytimg.com/vi/00oRFzD-A6c/default.jpg,120,90,https://i.ytimg.com/vi/00oRFzD-A6c/mqdefault.jpg,320,180,https://i.ytimg.com/vi/00oRFzD-A6c/hqdefault.jpg,480,360,HumboldtOnline,none,2023-08-14T19:02:51Z,773,21
zScYKlvkEcrFfikBVtrqHQI-GQo,youtube#video,9XecLGxsuu8,2023-08-08T22:22:45Z,UCg7Fdhrmwi8ZqakqiO3xPkg,Aquaculture Harvest at Cal Poly Humboldt,"Cal Poly Humboldt students and faculty are reaping the results of their groundbreaking work on California's first commercial, ...",https://i.ytimg.com/vi/9XecLGxsuu8/default.jpg,120,90,https://i.ytimg.com/vi/9XecLGxsuu8/mqdefault.jpg,320,180,https://i.ytimg.com/vi/9XecLGxsuu8/hqdefault.jpg,480,360,HumboldtOnline,none,2023-08-08T22:22:45Z,1030,19
snyqhKJJMCiHfGqAzzT3EGrJC3Y,youtube#video,z4njCBblB6s,2022-10-27T19:27:30Z,UCg7Fdhrmwi8ZqakqiO3xPkg,Boldly Rising: The Campaign for Cal Poly Humboldt,Scholarships for students. Support for programs. Today we launch a bold new fundraising campaign to make Cal Poly Humboldt ...,https://i.ytimg.com/vi/z4njCBblB6s/default.jpg,120,90,https://i.ytimg.com/vi/z4njCBblB6s/mqdefault.jpg,320,180,https://i.ytimg.com/vi/z4njCBblB6s/hqdefault.jpg,480,360,HumboldtOnline,none,2022-10-27T19:27:30Z,1064,16
8_RSotgRCwZq8MntIviUuggUcKI,youtube#video,0ZpK55S4wBc,2022-09-02T20:59:42Z,UCg7Fdhrmwi8ZqakqiO3xPkg,College Colors Day!,The Cal Poly Humboldt family had a picnic on the Arcata Plaza to celebrate College Colors Day 2022.,https://i.ytimg.com/vi/0ZpK55S4wBc/default.jpg,120,90,https://i.ytimg.com/vi/0ZpK55S4wBc/mqdefault.jpg,320,180,https://i.ytimg.com/vi/0ZpK55S4wBc/hqdefault.jpg,480,360,HumboldtOnline,none,2022-09-02T20:59:42Z,437,3
ATtPo91_faV_NQ9qBYv1OALLlrI,youtube#video,kfBo1vfVDQw,2022-09-01T01:31:02Z,UCg7Fdhrmwi8ZqakqiO3xPkg,President&#39;s Fall Welcome 2022,"Cal Poly Humboldt President Tom Jackson, Jr. welcomes staff & faculty to the 2022-23 academic year, outlining accomplishments ...",https://i.ytimg.com/vi/kfBo1vfVDQw/default.jpg,120,90,https://i.ytimg.com/vi/kfBo1vfVDQw/mqdefault.jpg,320,180,https://i.ytimg.com/vi/kfBo1vfVDQw/hqdefault.jpg,480,360,HumboldtOnline,none,2022-09-01T01:31:02Z,542,4
P6TQXDJbM74saHPfq4VSFL2fLWw,youtube#video,0VVd42ErYz0,2022-08-10T18:08:19Z,UCg7Fdhrmwi8ZqakqiO3xPkg,Deep In The Klamath,"In the leadup to the world's largest dam removal, a new summer course introduced students to the people at the forefront of ...",https://i.ytimg.com/vi/0VVd42ErYz0/default.jpg,120,90,https://i.ytimg.com/vi/0VVd42ErYz0/mqdefault.jpg,320,180,https://i.ytimg.com/vi/0VVd42ErYz0/hqdefault.jpg,480,360,HumboldtOnline,none,2022-08-10T18:08:19Z,1425,32
9bYWvHHfr50ooeh4r8yEihNnvvk,youtube#video,bKry8poziwA,2022-06-24T22:01:45Z,UCg7Fdhrmwi8ZqakqiO3xPkg,Redwood Coast Airport Microgrid Grand Opening,"Temporary captions, to be corrected in a few days.",https://i.ytimg.com/vi/bKry8poziwA/default.jpg,120,90,https://i.ytimg.com/vi/bKry8poziwA/mqdefault.jpg,320,180,https://i.ytimg.com/vi/bKry8poziwA/hqdefault.jpg,480,360,HumboldtOnline,none,2022-06-24T22:01:45Z,131,1
-Dgpv8GHiGLJuZ0NdFiNmw2vq80,youtube#video,As3iX6sU-vY,2022-06-21T18:51:12Z,UCg7Fdhrmwi8ZqakqiO3xPkg,"Solar Microgrids, Explained","Here at Cal Poly Humboldt, the Schatz Energy Research Center is working with community partners to engineer the next ...",https://i.ytimg.com/vi/As3iX6sU-vY/default.jpg,120,90,https://i.ytimg.com/vi/As3iX6sU-vY/mqdefault.jpg,320,180,https://i.ytimg.com/vi/As3iX6sU-vY/hqdefault.jpg,480,360,HumboldtOnline,none,2022-06-21T18:51:12Z,3600,37
Fl7SrGdh-nAEO7dacjKPgsNWKhA,youtube#video,MxDDcObt9c4,2022-06-13T15:40:36Z,UCg7Fdhrmwi8ZqakqiO3xPkg,What Do Fiber Optic Cables Have To Do With Earthquakes?,"Fiber optic cables, the backbone of the internet, are sensitive to ground motion. But how good are they at sensing earthquakes?",https://i.ytimg.com/vi/MxDDcObt9c4/default.jpg,120,90,https://i.ytimg.com/vi/MxDDcObt9c4/mqdefault.jpg,320,180,https://i.ytimg.com/vi/MxDDcObt9c4/hqdefault.jpg,480,360,HumboldtOnline,none,2022-06-13T15:40:36Z,1017,19
o7pOt5Yr1qgcm8jUQNR8F7MFnUw,youtube#video,Cro-gEPiBwo,2022-05-20T16:44:49Z,UCg7Fdhrmwi8ZqakqiO3xPkg,Honorary Doctorate of Humane Letters: Dr. Betty Kwann Chinn,Cal Poly Humboldt conferred an Honorary Doctorate of Humane Letters to local philanthropist and hero Betty Kwan Chinn at this ...,https://i.ytimg.com/vi/Cro-gEPiBwo/default.jpg,120,90,https://i.ytimg.com/vi/Cro-gEPiBwo/mqdefault.jpg,320,180,https://i.ytimg.com/vi/Cro-gEPiBwo/hqdefault.jpg,480,360,HumboldtOnline,none,2022-05-20T16:44:49Z,277,5
EdsQ6qa8_LeguFT47a7oUFWlM48,youtube#video,O_sdefnSVcI,2022-05-16T16:52:56Z,UCg7Fdhrmwi8ZqakqiO3xPkg,IdeaFest Recap,"IdeaFest 2022 was an interdisciplinary celebration of Cal Poly Humboldt research, student work, and performance.",https://i.ytimg.com/vi/O_sdefnSVcI/default.jpg,120,90,https://i.ytimg.com/vi/O_sdefnSVcI/mqdefault.jpg,320,180,https://i.ytimg.com/vi/O_sdefnSVcI/hqdefault.jpg,480,360,HumboldtOnline,none,2022-05-16T16:52:56Z,606,16
A4s36qaSJlG6t8de9il6TGSbvfY,youtube#video,r1FqsOyN80A,2022-05-16T16:42:21Z,UCg7Fdhrmwi8ZqakqiO3xPkg,2022: First Cal Poly Humboldt Graduates!,History was made. Congratulations to each graduate on your achievement!,https://i.ytimg.com/vi/r1FqsOyN80A/default.jpg,120,90,https://i.ytimg.com/vi/r1FqsOyN80A/mqdefault.jpg,320,180,https://i.ytimg.com/vi/r1FqsOyN80A/hqdefault.jpg,480,360,HumboldtOnline,none,2022-05-16T16:42:21Z,1360,5
KfPe64zkgUp0rZ95gFhKV8gThSA,youtube#video,FzusDIyK6Mg,2022-05-10T19:51:35Z,UCg7Fdhrmwi8ZqakqiO3xPkg,New Virtual Dissection Table,"A new virtual dissection table is open for your exploration at the library! This Anatomage table, made possible by Cal Poly ...",https://i.ytimg.com/vi/FzusDIyK6Mg/default.jpg,120,90,https://i.ytimg.com/vi/FzusDIyK6Mg/mqdefault.jpg,320,180,https://i.ytimg.com/vi/FzusDIyK6Mg/hqdefault.jpg,480,360,HumboldtOnline,none,2022-05-10T19:51:35Z,1721,10
otBcE0BKFuEzIQHUQ7Ma75-iANU,youtube#video,5cTZFXTfZQo,2022-05-10T19:52:09Z,UCg7Fdhrmwi8ZqakqiO3xPkg,Distinguished Faculty Lecture: Japanese Incarceration &amp; the Politics of Dreaming w/ Michihiro Sugata,"Excellence in Teaching Award recipient Michihiro Sugata presents: ""Japanese Incarceration and The Politics of Dreaming: How ...",https://i.ytimg.com/vi/5cTZFXTfZQo/default.jpg,120,90,https://i.ytimg.com/vi/5cTZFXTfZQo/mqdefault.jpg,320,180,https://i.ytimg.com/vi/5cTZFXTfZQo/hqdefault.jpg,480,360,HumboldtOnline,none,2022-05-10T19:52:09Z,170,2
PbVOs5ia_YwKl476iFJu0YtMxXQ,youtube#video,lies6wbrKCc,2022-03-17T01:14:44Z,UCg7Fdhrmwi8ZqakqiO3xPkg,Spring Break 2022: Student Projects!,"From air filtration to an apocalypse computer, Lonny Grafman with Cal Poly Humboldt's Engineering Department walks you ...",https://i.ytimg.com/vi/lies6wbrKCc/default.jpg,120,90,https://i.ytimg.com/vi/lies6wbrKCc/mqdefault.jpg,320,180,https://i.ytimg.com/vi/lies6wbrKCc/hqdefault.jpg,480,360,HumboldtOnline,none,2022-03-17T01:14:44Z,288,7
Rz7WmhEZWT0WC3FnGdwS0y04P3M,youtube#video,02dnAkMHRYY,2022-01-31T23:56:04Z,UCg7Fdhrmwi8ZqakqiO3xPkg,Meet the Students Helping Kelp Come Back,Cal Poly Humboldt graduate students Kalani Ortiz and Marzia Fattori are working to restore kelp populations throughout the North ...,https://i.ytimg.com/vi/02dnAkMHRYY/default.jpg,120,90,https://i.ytimg.com/vi/02dnAkMHRYY/mqdefault.jpg,320,180,https://i.ytimg.com/vi/02dnAkMHRYY/hqdefault.jpg,480,360,HumboldtOnline,none,2022-01-31T23:56:04Z,652,11
li0HtamA6AQzK24JDX5333WX9-w,youtube#video,NwQu8Z6Z2rU,2022-01-12T00:52:54Z,UCg7Fdhrmwi8ZqakqiO3xPkg,HSU&#39;s 2022 Calendar,Watch your mailbox! These are dropping soon.,https://i.ytimg.com/vi/NwQu8Z6Z2rU/default.jpg,120,90,https://i.ytimg.com/vi/NwQu8Z6Z2rU/mqdefault.jpg,320,180,https://i.ytimg.com/vi/NwQu8Z6Z2rU/hqdefault.jpg,480,360,HumboldtOnline,none,2022-01-12T00:52:54Z,245,11
g9YnlVb_1wuWCB0nQ44CeVGT5fA,youtube#video,7dIheA2l-38,2021-12-21T21:18:23Z,UCg7Fdhrmwi8ZqakqiO3xPkg,Fall Commencement 2021,"To each new graduate, we thank you for what you brought to campus and we wish you the absolute best on your next adventure!",https://i.ytimg.com/vi/7dIheA2l-38/default.jpg,120,90,https://i.ytimg.com/vi/7dIheA2l-38/mqdefault.jpg,320,180,https://i.ytimg.com/vi/7dIheA2l-38/hqdefault.jpg,480,360,HumboldtOnline,none,2021-12-21T21:18:23Z,176,4
5gxXmOmhn0JqLlf2ydYIoJPuZx0,youtube#video,TT1Ve-FN6Us,2021-12-21T21:03:11Z,UCg7Fdhrmwi8ZqakqiO3xPkg,A Mixed-media Masterclass,"The Art & Film department's Fall Open House was a delightful blend of perspectives, styles, and media.",https://i.ytimg.com/vi/TT1Ve-FN6Us/default.jpg,120,90,https://i.ytimg.com/vi/TT1Ve-FN6Us/mqdefault.jpg,320,180,https://i.ytimg.com/vi/TT1Ve-FN6Us/hqdefault.jpg,480,360,HumboldtOnline,none,2021-12-21T21:03:11Z,79,2
fu56TOWr8WCPBu_-ShVqBG-5ZXw,youtube#video,qJVCeX-0taM,2021-12-08T23:42:41Z,UCg7Fdhrmwi8ZqakqiO3xPkg,May 2022 bring you joy with the people you love.,"Here's to bright, bold beginnings at Humboldt and beyond. From everyone at Humboldt State, warmest wishes for a magical ...",https://i.ytimg.com/vi/qJVCeX-0taM/default.jpg,120,90,https://i.ytimg.com/vi/qJVCeX-0taM/mqdefault.jpg,320,180,https://i.ytimg.com/vi/qJVCeX-0taM/hqdefault.jpg,480,360,HumboldtOnline,none,2021-12-08T23:42:41Z,2183,57
EVjY39F6DOvRc4tMFANjz3qb8P4,youtube#video,E2ahIKFLTys,2021-12-02T18:25:57Z,UCg7Fdhrmwi8ZqakqiO3xPkg,Humboldt&#39;s Polytechnic Vision,Science with a soul: Humboldt is reimagining a polytechnic education.,https://i.ytimg.com/vi/E2ahIKFLTys/default.jpg,120,90,https://i.ytimg.com/vi/E2ahIKFLTys/mqdefault.jpg,320,180,https://i.ytimg.com/vi/E2ahIKFLTys/hqdefault.jpg,480,360,HumboldtOnline,none,2021-12-02T18:25:57Z,9340,138
nd5DNifh1GGppvsXdWj9bjR5Z9w,youtube#video,xu_cEv90a6k,2021-11-19T03:30:11Z,UCg7Fdhrmwi8ZqakqiO3xPkg,Ellipsis... A physical theatre performance exploring the negative space,"A play about love, loss, personal triumph, transformation and how the interactions we have with family, friends and strangers ...",https://i.ytimg.com/vi/xu_cEv90a6k/default.jpg,120,90,https://i.ytimg.com/vi/xu_cEv90a6k/mqdefault.jpg,320,180,https://i.ytimg.com/vi/xu_cEv90a6k/hqdefault.jpg,480,360,HumboldtOnline,none,2021-11-19T03:30:11Z,1011,10
